﻿<?xml version="1.0" encoding="UTF-8"?>
<reports>
	<object >
		<sysinfo name="系统信息">
			<description name="计算机名称" des="##mokop_key_computername##" />
			<description name="用户名" des="##mokop_key_username##" />
			<description name="操作系统名称" des="##mokop_key_osname##" />
			<description name="操作系统版本" des="##mokop_key_osversion##" />
		</sysinfo>
		<accountsinfo name="账户信息">
##mokop_key_accunts##
		</accountsinfo>
		<malwareuser name="可疑账户">
			##mokop_key_malwareuser##
		</malwareuser>
		<softinfo name="软件安装信息">
##mokop_key_software##
		</softinfo>
		<taskschedulerinfo name="任务计划">
##mokop_key_taskscheduler##		
		</taskschedulerinfo>
	<rdprecord name="RDP连接记录">
##mokop_key_rdprecord##	
	</rdprecord>	
		<networkadapterinfo name="网络适配器列表信息">
##mokop_key_network##		
		</networkadapterinfo>
		<loginrecord name="登录记录">
##mokop_key_loginrecord##		
		</loginrecord>
		<eventanalysis name="事件日志分析">
##mokop_key_eventanalysis##		
		</eventanalysis>		
		<timeinfo name="时间">
			<timeinfoitem localtime="##mokop_key_localtime##" standardtime="##mokop_key_standtime##" />
		</timeinfo>	
		<virusfile name="恶意文件">
			##virusfile_item##
		</virusfile>
		<makopfile name="已加密文件">
			##makopfile_item##
		</makopfile>
	</object>
</reports>